{"scoring":null,"notes":"В тесте \\texttt{aaaaa} ответ 9, так как есть 4 веселых палиндрома \\texttt{aa} и 5 веселых палиндромов \\texttt{a}. Заметим, что палиндром \\texttt{aaa} веселым не является, так как символ \\texttt{a} встречается больше двух раз.","legend":"Палиндром~--- строка, которая читается одинаково слева-направо и справа-налево.\r\n\r\nВеселый палиндром~--- строка, являющаяся палиндромом, в которой каждый символ не встречается больше двух раз.\r\n\r\nДана строка $s$, необходимо посчитать количество пар чисел $(i, j)$ таких, что подстрока $(s[i], s[i + 1], s[i + 2], ..., s[j])$ является веселым палиндромом.","authorLogin":"nomapunk","language":"russian","timeLimit":1000,"output":"Выведите одно число~--- количество подстрок, являющихся веселыми палиндромами.","inputFile":"stdin","outputFile":"stdout","input":"Дана не пустая строка $s$, содержащая только маленькие латинские буквы, длина строки не превосходит $10^5$ ","authorName":"Саша Драганов","sampleTests":[{"output":"9\r\n","input":"aaaaa\r\n","inputFile":"example.01","outputFile":"example.01.a"},{"output":"11\r\n","input":"gaxcibprstr\r\n","inputFile":"example.02","outputFile":"example.02.a"}],"name":"Веселые палиндромы","interaction":null,"memoryLimit":268435456,"tutorial":""}