{"scoring":null,"notes":"\\includegraphics{example000.jpg}\r\n\r\nПример схемы, который мог быть у ученых на руках. \r\n\r\nСтатистика же к этой схеме выглядит следующим образом:\r\n\r\n$n = 3$\r\n\r\n$a = [10, 5, 1]$","legend":"В лаборатории ведется исследование процесса деления молекул. \r\n\r\nУченые в рамках эксперимента помещают одну молекулу в пробирку и наблюдают над схемой ее деления, через некоторый промежуток времени в пробирке уже несколько молекул, а у ученых на руках полная схема деления.\r\n\r\nПосле эксперимента ученые берут схему и считают по ней некоторую статистику: количество молекул разных уровней. Молекула является молекулой уровня $i$ тогда, когда она породила как минимум еще $i$ поколений молекул.\r\n\r\nНо к сожалению сама схема была утеряна, из-за стажера лаборанта, осталась лишь статистика. Помогите ученым восстановить любую схему деления молекул, которая будет соответствовать этой статистике. Гарантируется, что это возможно.","authorLogin":"nomapunk","language":"russian","timeLimit":10000,"output":"Для каждого эксперимента выведите схему деления молекул в следующем формате:\r\n\r\n$m$ - количество молекул в схеме\r\n\r\nпары чисел $(u, v)$, которые представляют из себя информацию вида: молекула $u$ породила молекулу $v$.\r\n\r\nПомните, что стартовая молекула, изначально помещенная в пробирку, обязана иметь номер 0, остальные номера молекул должны находится в диапазоне $0 < x \\le m$.\r\n\r\nСхема должна соответствовать статистике.  ","inputFile":"stdin","outputFile":"stdout","input":"В первой строке теста поступает число $t$ - количество проведенных экспериментов.\r\n\r\nЗатем идет описание экспериментов, каждый эксперимент описывается в две строки:\r\n\r\n \r\nВ первой строке описания эксперимента поступает число $n$ - количество различных уровней молекул. \r\n\r\nВо второй же поступает массив $a$ длины $n$, где $a[i]$ - количество в утраченной схеме молекул уровня $i$.\r\n\r\nВ первом тесте t = 3, за каждую правильную схему к эксперименту начисляется 10 баллов. Ограничения к первому тесту:\r\n\r\n$1 \\le n \\le 100$\r\n\r\n$1 \\le a[i] \\le 100$\r\n\r\n\r\nВо первом тесте t = 7, за каждую правильную схему к эксперименту начисляется 10 баллов.\r\nОграничения ко второму тесту:\r\n\r\n$1 \\le n \\le 10^6$\r\n\r\n$1 \\le a[i] \\le 10^6$\r\n\r\nЕсли вы хотите набрать частичные баллы по какому-то тесту, выведете вместо схемы -1.\r\n\r\n","authorName":"Саша Драганов","sampleTests":[{"output":"10\r\n0 1\r\n0 2\r\n0 3\r\n0 4\r\n1 5\r\n1 8\r\n2 7\r\n3 6\r\n4 9","input":"1\r\n3\r\n10 5 1","inputFile":"example.01","outputFile":"example.01.a"}],"name":"Молекулы","interaction":null,"memoryLimit":268435456,"tutorial":""}