<?xml version="1.0" encoding="utf-8" standalone="no"?>
<problem revision="32" short-name="one-boss-two-boss" url="https://polygon.codeforces.com/p5YQ3Fz/nomapunk/one-boss-two-boss">
        
    <names>
                
        <name language="russian" value="Boss"/>
            
    </names>
        
    <statements>
                
        <statement charset="UTF-8" language="russian" mathjax="true" path="statements/russian/problem.tex" type="application/x-tex"/>
                
        <statement charset="UTF-8" language="russian" mathjax="true" path="statements/.html/russian/problem.html" type="text/html"/>
                
        <statement language="russian" path="statements/.pdf/russian/problem.pdf" type="application/pdf"/>
            
    </statements>
        
    <judging cpu-name="Intel(R) Core(TM) i3-8100 CPU @ 3.60GHz" cpu-speed="3600" input-file="" output-file="">
                
        <testset name="tests">
                        
            <time-limit>1000</time-limit>
                        
            <memory-limit>268435456</memory-limit>
                        
            <test-count>22</test-count>
                        
            <input-path-pattern>tests/%02d</input-path-pattern>
                        
            <answer-path-pattern>tests/%02d.a</answer-path-pattern>
                        
            <tests>
                                
                <test method="manual" points="0.0" sample="true"/>
                                
                <test method="manual" points="0.0" sample="true"/>
                                
                <test cmd="echo 12 4 3 2" method="generated" points="5.0"/>
                                
                <test cmd="echo 17 4 4 3" method="generated" points="5.0"/>
                                
                <test cmd="gen 1 1" method="generated" points="5.0"/>
                                
                <test cmd="gen 1 2" method="generated" points="5.0"/>
                                
                <test cmd="gen 1 3" method="generated" points="5.0"/>
                                
                <test cmd="gen 1 4" method="generated" points="5.0"/>
                                
                <test cmd="gen 2 10" method="generated" points="5.0"/>
                                
                <test cmd="gen 2 9" method="generated" points="5.0"/>
                                
                <test cmd="gen 2 8" method="generated" points="5.0"/>
                                
                <test cmd="gen 2 1" method="generated" points="5.0"/>
                                
                <test cmd="gen 2 2" method="generated" points="5.0"/>
                                
                <test cmd="gen 2 3" method="generated" points="5.0"/>
                                
                <test cmd="gen 2 4" method="generated" points="5.0"/>
                                
                <test cmd="gen 2 5" method="generated" points="5.0"/>
                                
                <test cmd="gen 2 6" method="generated" points="5.0"/>
                                
                <test cmd="gen 2 7" method="generated" points="5.0"/>
                                
                <test cmd="echo 15 3 2 2" method="generated" points="5.0"/>
                                
                <test cmd="echo 13 3 2 2" method="generated" points="5.0"/>
                                
                <test cmd="echo 524287 18 17 17" method="generated" points="5.0"/>
                                
                <test cmd="echo 262145 18 17 17" method="generated" points="5.0"/>
                            
            </tests>
                    
        </testset>
            
    </judging>
        
    <files>
                
        <resources>
                        
            <file path="files/olymp.sty"/>
                        
            <file path="files/problem.tex"/>
                        
            <file path="files/statements.ftl"/>
                        
            <file path="files/testlib.h" type="h.g++"/>
                    
        </resources>
                
        <executables>
                        
            <executable>
                                
                <source path="files/checker.cpp" type="cpp.g++17"/>
                                
                <binary path="files/checker.exe" type="exe.win32"/>
                            
            </executable>
                        
            <executable>
                                
                <source path="files/echo.cpp" type="cpp.g++17"/>
                                
                <binary path="files/echo.exe" type="exe.win32"/>
                            
            </executable>
                        
            <executable>
                                
                <source path="files/gen.cpp" type="cpp.g++17"/>
                                
                <binary path="files/gen.exe" type="exe.win32"/>
                            
            </executable>
                        
            <executable>
                                
                <source path="files/solution.cpp" type="cpp.g++17"/>
                                
                <binary path="files/solution.exe" type="exe.win32"/>
                            
            </executable>
                        
            <executable>
                                
                <source path="files/validator.cpp" type="cpp.g++17"/>
                                
                <binary path="files/validator.exe" type="exe.win32"/>
                            
            </executable>
                    
        </executables>
            
    </files>
        
    <assets>
                
        <checker type="testlib">
                        
            <source path="files/checker.cpp" type="cpp.g++17"/>
                        
            <binary path="check.exe" type="exe.win32"/>
                        
            <copy path="check.cpp" type="cpp.g++17"/>
                        
            <testset>
                                
                <test-count>1</test-count>
                                
                <input-path-pattern>files/tests/checker-tests/%02d</input-path-pattern>
                                
                <output-path-pattern>files/tests/checker-tests/%02d.o</output-path-pattern>
                                
                <answer-path-pattern>files/tests/checker-tests/%02d.a</answer-path-pattern>
                                
                <tests>
                                        
                    <test verdict="crashed"/>
                                    
                </tests>
                            
            </testset>
                    
        </checker>
                
        <validators>
                        
            <validator>
                                
                <source path="files/validator.cpp" type="cpp.g++17"/>
                                
                <binary path="files/validator.exe" type="exe.win32"/>
                                
                <testset>
                                        
                    <test-count>4</test-count>
                                        
                    <input-path-pattern>files/tests/validator-tests/%02d</input-path-pattern>
                                        
                    <tests>
                                                
                        <test verdict="invalid"/>
                                                
                        <test verdict="valid"/>
                                                
                        <test verdict="invalid"/>
                                                
                        <test verdict="valid"/>
                                            
                    </tests>
                                    
                </testset>
                            
            </validator>
                    
        </validators>
                
        <solutions>
                        
            <solution tag="accepted">
                                
                <source path="solutions/dvasilev_ok.cpp" type="cpp.g++17"/>
                                
                <binary path="solutions/dvasilev_ok.exe" type="exe.win32"/>
                            
            </solution>
                        
            <solution tag="time-limit-exceeded">
                                
                <source path="solutions/dvasilev_tl_endl.cpp" type="cpp.g++17"/>
                                
                <binary path="solutions/dvasilev_tl_endl.exe" type="exe.win32"/>
                            
            </solution>
                        
            <solution tag="wrong-answer">
                                
                <source path="solutions/dvasilev_wa_h1_eq_h2.cpp" type="cpp.g++17"/>
                                
                <binary path="solutions/dvasilev_wa_h1_eq_h2.exe" type="exe.win32"/>
                            
            </solution>
                        
            <solution tag="rejected">
                                
                <source path="solutions/litle_test.cpp" type="cpp.g++17"/>
                                
                <binary path="solutions/litle_test.exe" type="exe.win32"/>
                            
            </solution>
                        
            <solution tag="accepted">
                                
                <source path="solutions/mip182_ac.cpp" type="cpp.g++17"/>
                                
                <binary path="solutions/mip182_ac.exe" type="exe.win32"/>
                            
            </solution>
                        
            <solution tag="main">
                                
                <source path="solutions/solution.cpp" type="cpp.g++17"/>
                                
                <binary path="solutions/solution.exe" type="exe.win32"/>
                            
            </solution>
                    
        </solutions>
            
    </assets>
        
    <properties>
                
        <property name="tests-wellformed" value="true"/>
            
    </properties>
        
    <stresses>
                
        <stress-count>0</stress-count>
                
        <stress-path-pattern>stresses/%03d</stress-path-pattern>
                
        <list/>
            
    </stresses>
    
</problem>
