<?xml version="1.0" encoding="utf-8" standalone="no"?>
<problem revision="15" short-name="molecules" url="https://polygon.codeforces.com/p4k4MSF/nomapunk/molecules">
    <names>
        <name language="russian" value="Молекулы"/>
    </names>
    <statements>
        <statement charset="UTF-8" language="russian" mathjax="true" path="statements/russian/problem.tex" type="application/x-tex"/>
        <statement charset="UTF-8" language="russian" mathjax="true" path="statements/.html/russian/problem.html" type="text/html"/>
        <statement language="russian" path="statements/.pdf/russian/problem.pdf" type="application/pdf"/>
    </statements>
    <judging cpu-name="Intel(R) Core(TM) i3-8100 CPU @ 3.60GHz" cpu-speed="3600" input-file="" output-file="" run-count="1">
        <testset name="tests">
            <time-limit>10000</time-limit>
            <memory-limit>268435456</memory-limit>
            <test-count>3</test-count>
            <input-path-pattern>tests/%02d</input-path-pattern>
            <answer-path-pattern>tests/%02d.a</answer-path-pattern>
            <tests>
                <test description="Схема и статистика соответствуют картинке" method="manual" sample="true"/>
                <test cmd="generator 3 15 50 100" method="generated"/>
                <test cmd="generator 7 1000 10000 100000 100000 100000 100000 100000" method="generated"/>
            </tests>
        </testset>
    </judging>
    <files>
        <resources>
            <file path="files/olymp.sty"/>
            <file path="files/problem.tex"/>
            <file path="files/statements.ftl"/>
            <file path="files/testlib.h" type="h.g++"/>
        </resources>
        <executables>
            <executable>
                <source path="files/checker.cpp" type="cpp.g++17"/>
                <binary path="files/checker.exe" type="exe.win32"/>
            </executable>
            <executable>
                <source path="files/generator.cpp" type="cpp.g++17"/>
                <binary path="files/generator.exe" type="exe.win32"/>
            </executable>
            <executable>
                <source path="files/validator.cpp" type="cpp.g++17"/>
                <binary path="files/validator.exe" type="exe.win32"/>
            </executable>
        </executables>
    </files>
    <assets>
        <checker type="testlib">
            <source path="files/checker.cpp" type="cpp.g++17"/>
            <binary path="check.exe" type="exe.win32"/>
            <copy path="check.cpp" type="cpp.g++17"/>
            <testset>
                <test-count>0</test-count>
                <input-path-pattern>files/tests/checker-tests/%02d</input-path-pattern>
                <output-path-pattern>files/tests/checker-tests/%02d.o</output-path-pattern>
                <answer-path-pattern>files/tests/checker-tests/%02d.a</answer-path-pattern>
                <tests/>
            </testset>
        </checker>
        <validators>
            <validator>
                <source path="files/validator.cpp" type="cpp.g++17"/>
                <binary path="files/validator.exe" type="exe.win32"/>
                <testset>
                    <test-count>0</test-count>
                    <input-path-pattern>files/tests/validator-tests/%02d</input-path-pattern>
                    <tests/>
                </testset>
            </validator>
        </validators>
        <solutions>
            <solution tag="accepted">
                <source path="solutions/main0_score-_1_test.cpp" type="cpp.g++17"/>
                <binary path="solutions/main0_score-_1_test.exe" type="exe.win32"/>
            </solution>
            <solution tag="main">
                <source path="solutions/solution.cpp" type="cpp.g++17"/>
                <binary path="solutions/solution.exe" type="exe.win32"/>
            </solution>
        </solutions>
    </assets>
    <properties>
        <property name="tests-wellformed" value="true"/>
    </properties>
    <stresses>
        <stress-count>0</stress-count>
        <stress-path-pattern>stresses/%03d</stress-path-pattern>
        <list/>
    </stresses>
</problem>
