<?xml version="1.0" encoding="utf-8" standalone="no"?>
<problem revision="5" short-name="palindrome-26" url="https://polygon.codeforces.com/p2YNR8I/nomapunk/palindrome-26">
    <names>
        <name language="russian" value="Веселые палиндромы"/>
    </names>
    <statements>
        <statement charset="UTF-8" language="russian" mathjax="true" path="statements/russian/problem.tex" type="application/x-tex"/>
        <statement charset="UTF-8" language="russian" mathjax="true" path="statements/.html/russian/problem.html" type="text/html"/>
        <statement language="russian" path="statements/.pdf/russian/problem.pdf" type="application/pdf"/>
    </statements>
    <judging cpu-name="Intel(R) Core(TM) i3-8100 CPU @ 3.60GHz" cpu-speed="3600" input-file="" output-file="" run-count="1">
        <testset name="tests">
            <time-limit>1000</time-limit>
            <memory-limit>268435456</memory-limit>
            <test-count>27</test-count>
            <input-path-pattern>tests/%02d</input-path-pattern>
            <answer-path-pattern>tests/%02d.a</answer-path-pattern>
            <tests>
                <test cmd="generator 5 0" method="generated" sample="true"/>
                <test cmd="generator 11 2" method="generated" sample="true"/>
                <test cmd="generator 10 0" method="generated"/>
                <test cmd="generator 10 1" method="generated"/>
                <test cmd="generator 10 2" method="generated"/>
                <test cmd="generator 10 3" method="generated"/>
                <test cmd="generator 10 4" method="generated"/>
                <test cmd="generator 100 0" method="generated"/>
                <test cmd="generator 100 1" method="generated"/>
                <test cmd="generator 100 2" method="generated"/>
                <test cmd="generator 100 3" method="generated"/>
                <test cmd="generator 100 4" method="generated"/>
                <test cmd="generator 1000 0" method="generated"/>
                <test cmd="generator 1000 1" method="generated"/>
                <test cmd="generator 1000 2" method="generated"/>
                <test cmd="generator 1000 3" method="generated"/>
                <test cmd="generator 1000 4" method="generated"/>
                <test cmd="generator 10000 0" method="generated"/>
                <test cmd="generator 10000 1" method="generated"/>
                <test cmd="generator 10000 2" method="generated"/>
                <test cmd="generator 10000 3" method="generated"/>
                <test cmd="generator 10000 4" method="generated"/>
                <test cmd="generator 100000 0" method="generated"/>
                <test cmd="generator 100000 1" method="generated"/>
                <test cmd="generator 100000 2" method="generated"/>
                <test cmd="generator 100000 3" method="generated"/>
                <test cmd="generator 100000 4" method="generated"/>
            </tests>
        </testset>
    </judging>
    <files>
        <resources>
            <file path="files/olymp.sty"/>
            <file path="files/problem.tex"/>
            <file path="files/statements.ftl"/>
            <file path="files/testlib.h" type="h.g++"/>
        </resources>
        <executables>
            <executable>
                <source path="files/checker.cpp" type="cpp.g++17"/>
                <binary path="files/checker.exe" type="exe.win32"/>
            </executable>
            <executable>
                <source path="files/generator.cpp" type="cpp.g++17"/>
                <binary path="files/generator.exe" type="exe.win32"/>
            </executable>
            <executable>
                <source path="files/validator.cpp" type="cpp.g++17"/>
                <binary path="files/validator.exe" type="exe.win32"/>
            </executable>
        </executables>
    </files>
    <assets>
        <checker name="std::ncmp.cpp" type="testlib">
            <source path="files/check.cpp" type="cpp.g++17"/>
            <binary path="check.exe" type="exe.win32"/>
            <copy path="check.cpp"/>
            <testset>
                <test-count>0</test-count>
                <input-path-pattern>files/tests/checker-tests/%02d</input-path-pattern>
                <output-path-pattern>files/tests/checker-tests/%02d.o</output-path-pattern>
                <answer-path-pattern>files/tests/checker-tests/%02d.a</answer-path-pattern>
                <tests/>
            </testset>
        </checker>
        <validators>
            <validator>
                <source path="files/validator.cpp" type="cpp.g++17"/>
                <binary path="files/validator.exe" type="exe.win32"/>
                <testset>
                    <test-count>1</test-count>
                    <input-path-pattern>files/tests/validator-tests/%02d</input-path-pattern>
                    <tests>
                        <test verdict="invalid"/>
                    </tests>
                </testset>
            </validator>
        </validators>
        <solutions>
            <solution tag="accepted">
                <source path="solutions/c.py" type="python.3"/>
                <binary path="solutions/c.pys3" type="pythonx.3"/>
            </solution>
            <solution tag="accepted">
                <source path="solutions/dvasilev_ok.cpp" type="cpp.g++17"/>
                <binary path="solutions/dvasilev_ok.exe" type="exe.win32"/>
            </solution>
            <solution tag="main">
                <source path="solutions/solve.py" type="python.3"/>
                <binary path="solutions/solve.pys3" type="pythonx.3"/>
            </solution>
        </solutions>
    </assets>
    <properties>
        <property name="tests-wellformed" value="true"/>
    </properties>
    <stresses>
        <stress-count>0</stress-count>
        <stress-path-pattern>stresses/%03d</stress-path-pattern>
        <list/>
    </stresses>
</problem>
